PassengerId,Survived,Pclass,Sex,Age,SibSp,Parch,Fare,Embarked
1,0,3,1,0.2711736617240512,0.125,0.0,0.014151057562208,2
2,1,1,0,0.4722292033174164,0.125,0.0,0.1391357353826406,0
3,1,3,0,0.3214375471223925,0.0,0.0,0.0154685698179998,2
4,1,1,0,0.4345312892686604,0.125,0.0,0.1036442974556203,2
5,0,3,1,0.4345312892686604,0.0,0.0,0.0157125535690723,2
6,0,3,1,0.0,0.0,0.0,0.0165095020935757,1
7,0,1,1,0.6732847449107816,0.0,0.0,0.101228858320002,2
8,0,3,1,0.0198542347323448,0.375,0.1666666666666666,0.0411356604308323,2
9,1,3,0,0.3340035184719778,0.0,0.3333333333333333,0.0217307543665283,2
10,1,2,0,0.1706458909273686,0.125,0.0,0.0586942926540201,0
11,1,3,0,0.0449861774315154,0.125,0.1666666666666666,0.032596229143293,2
12,1,1,0,0.723548630309123,0.0,0.0,0.0518221487278101,2
13,0,3,1,0.2460417190248806,0.0,0.0,0.0157125535690723,2
14,0,3,1,0.4847951746670017,0.125,0.8333333333333333,0.0610447345183526,2
15,0,3,0,0.1706458909273686,0.0,0.0,0.0153303774213923,2
16,1,2,0,0.685850716260367,0.0,0.0,0.0312299201372867,2
17,0,3,1,0.0198542347323448,0.5,0.1666666666666666,0.0568482139999047,1
18,1,2,1,0.0,0.0,0.0,0.0253743101115454,2
19,0,3,0,0.3842674038703191,0.125,0.0,0.0351336601544475,2
20,1,3,0,0.0,0.0,0.0,0.0141022608119935,0
21,0,2,1,0.4345312892686604,0.0,0.0,0.0507486202230909,2
22,1,2,1,0.4219653179190751,0.0,0.0,0.0253743101115454,2
23,1,3,0,0.183211862276954,0.0,0.0,0.0156719546728939,1
24,1,1,1,0.3465694898215631,0.0,0.0,0.0692913853046049,2
25,0,3,0,0.0952500628298567,0.375,0.1666666666666666,0.0411356604308323,2
26,1,3,0,0.4722292033174164,0.125,0.8333333333333333,0.0612643198943179,2
27,0,3,1,0.0,0.0,0.0,0.0141022608119935,0
28,0,1,1,0.2334757476752953,0.375,0.3333333333333333,0.5133418122566507,2
29,1,3,0,0.0,0.0,0.0,0.0153791741716068,1
30,0,3,1,0.0,0.0,0.0,0.0154115752137492,2
31,0,1,1,0.497361146016587,0.0,0.0,0.0541073981338561,0
32,1,1,0,0.0,0.125,0.0,0.2859895551532101,0
33,1,3,0,0.0,0.0,0.0,0.0151269925664982,1
34,0,2,1,0.8240764011058055,0.0,0.0,0.0204946350900944,2
35,0,1,1,0.3465694898215631,0.125,0.0,0.16038672010106,0
36,0,1,1,0.5224930887157577,0.125,0.0,0.1014972404461818,2
37,1,3,1,0.0,0.0,0.0,0.0141104586660295,0
38,0,3,1,0.2586076903744659,0.0,0.0,0.0157125535690723,2
39,0,3,0,0.22090977632571,0.25,0.0,0.0351336601544475,2
40,1,3,0,0.1706458909273686,0.125,0.0,0.0219423370754585,0
41,0,3,0,0.497361146016587,0.125,0.0,0.0184939683312994,2
42,0,2,0,0.3340035184719778,0.125,0.0,0.0409892701801888,2
43,0,3,1,0.0,0.0,0.0,0.0154115752137492,0
44,1,2,0,0.0324202060819301,0.125,0.3333333333333333,0.081157193460767,0
45,1,3,0,0.2334757476752953,0.0,0.0,0.0153791741716068,1
46,0,3,1,0.0,0.0,0.0,0.0157125535690723,2
47,0,3,1,0.0,0.125,0.0,0.0302539851329965,1
48,1,3,0,0.0,0.0,0.0,0.0151269925664982,1
49,0,3,1,0.0,0.25,0.0,0.0423149802900166,0
50,0,3,0,0.22090977632571,0.125,0.0,0.0347432861527314,2
51,0,3,1,0.0826840914802714,0.5,0.1666666666666666,0.0774648409655354,2
52,0,3,1,0.2586076903744659,0.0,0.0,0.0152245860669272,2
53,1,1,0,0.610454888162855,0.125,0.0,0.1497654242623688,0
54,1,2,0,0.3591354611711485,0.125,0.0,0.0507486202230909,2
55,0,1,1,0.8115104297562202,0.0,0.1666666666666666,0.1209753416358076,0
56,1,1,1,0.0,0.0,0.0,0.0692913853046049,2
57,1,2,0,0.2586076903744659,0.0,0.0,0.0204946350900944,2
58,0,3,1,0.3528524754963558,0.0,0.0,0.0141104586660295,0
59,1,2,0,0.0575521487811007,0.125,0.3333333333333333,0.0541643927381066,2
60,0,3,1,0.1329479768786127,0.625,0.3333333333333333,0.0915427034024217,2
61,0,3,1,0.2711736617240512,0.0,0.0,0.0141104586660295,0
62,1,1,0,0.4722292033174164,0.0,0.0,0.1561496006864336,3
63,0,1,1,0.5601910027645137,0.125,0.0,0.1629323489662505,2
64,0,3,1,0.0449861774315154,0.375,0.3333333333333333,0.0544571732393937,2
65,0,1,1,0.0,0.0,0.0,0.0541073981338561,0
66,1,3,1,0.0,0.125,0.1666666666666666,0.0297578197768153,0
67,1,2,0,0.3591354611711485,0.0,0.0,0.0204946350900944,2
68,0,3,1,0.2334757476752953,0.0,0.0,0.0159239410910016,2
69,1,3,0,0.2083438049761246,0.5,0.3333333333333333,0.0154685698179998,2
70,0,3,1,0.3214375471223925,0.25,0.0,0.0169080739493278,2
71,0,2,1,0.3968333752199044,0.0,0.0,0.0204946350900944,2
72,0,3,0,0.1957778336265393,0.625,0.3333333333333333,0.0915427034024217,2
73,0,2,1,0.2586076903744659,0.0,0.0,0.1434624456306609,2
74,0,3,1,0.3214375471223925,0.125,0.0,0.0282127194780231,0
75,1,3,1,0.3968333752199044,0.0,0.0,0.1102724576307577,2
76,0,3,1,0.3088715757728072,0.0,0.0,0.0149318055656402,2
77,0,3,1,0.0,0.0,0.0,0.0154115752137492,2
78,0,3,1,0.0,0.0,0.0,0.0157125535690723,2
79,1,2,1,0.0051520482533299,0.0,0.3333333333333333,0.0566042302488321,2
80,1,3,0,0.3717014325207338,0.0,0.0,0.0243495783570407,2
81,0,3,1,0.2711736617240512,0.0,0.0,0.0175668300772237,2
82,1,3,1,0.3591354611711485,0.0,0.0,0.0185427650815139,2
83,1,3,0,0.0,0.0,0.0,0.01520018769182,1
84,0,1,1,0.3465694898215631,0.0,0.0,0.0919330774041378,2
85,1,2,0,0.2083438049761246,0.0,0.0,0.0204946350900944,2
86,1,3,0,0.4093993465694898,0.375,0.0,0.0309371396359996,2
87,0,3,1,0.1957778336265393,0.125,0.5,0.0670955315449519,2
88,0,3,1,0.0,0.0,0.0,0.0157125535690723,2
89,1,1,0,0.2837396330736366,0.375,0.3333333333333333,0.5133418122566507,2
90,0,3,1,0.2963056044232219,0.0,0.0,0.0157125535690723,2
91,0,3,1,0.3591354611711485,0.0,0.0,0.0157125535690723,2
92,0,3,1,0.2460417190248806,0.0,0.0,0.0153303774213923,2
93,0,1,1,0.5727569741140991,0.125,0.0,0.1194056477749072,2
94,0,3,1,0.3214375471223925,0.125,0.3333333333333333,0.0401597254265421,2
95,0,3,1,0.7361146016587082,0.0,0.0,0.014151057562208,2
96,0,3,1,0.0,0.0,0.0,0.0157125535690723,2
97,0,1,1,0.8869062578537321,0.0,0.0,0.0676404936513476,0
98,1,1,1,0.2837396330736366,0.0,0.1666666666666666,0.1236671655646408,0
99,1,2,0,0.4219653179190751,0.0,0.1666666666666666,0.0448930101973496,2
100,0,2,1,0.4219653179190751,0.125,0.0,0.0507486202230909,2
101,0,3,0,0.3465694898215631,0.0,0.0,0.0154115752137492,2
102,0,3,1,0.0,0.0,0.0,0.0154115752137492,2
103,0,1,1,0.2586076903744659,0.0,0.1666666666666666,0.1508551532881592,2
104,0,3,1,0.4093993465694898,0.0,0.0,0.0168918734282566,2
105,0,3,1,0.4596632319678311,0.25,0.0,0.0154685698179998,2
106,0,3,1,0.3465694898215631,0.0,0.0,0.0154115752137492,2
107,1,3,0,0.2586076903744659,0.0,0.0,0.0149318055656402,2
108,1,3,1,0.0,0.0,0.0,0.0151757893167127,2
109,0,3,1,0.4722292033174164,0.0,0.0,0.0154115752137492,2
110,1,3,0,0.0,0.125,0.0,0.0471376607072171,1
111,0,1,1,0.5853229454636844,0.0,0.0,0.1014972404461818,2
112,0,3,0,0.1769288766021613,0.125,0.0,0.0282127194780231,0
113,0,3,1,0.2711736617240512,0.0,0.0,0.0157125535690723,2
114,0,3,0,0.2460417190248806,0.125,0.0,0.0191771228343026,2
115,0,3,0,0.2083438049761246,0.0,0.0,0.0282207221450582,0
116,0,3,1,0.2586076903744659,0.0,0.0,0.0154685698179998,2
117,0,3,1,0.8806232721789394,0.0,0.0,0.0151269925664982,1
118,0,2,1,0.3591354611711485,0.125,0.0,0.0409892701801888,2
119,0,1,1,0.2963056044232219,0.0,0.1666666666666666,0.4831284260198326,0
120,0,3,0,0.0198542347323448,0.5,0.3333333333333333,0.0610447345183526,2
121,0,2,1,0.2586076903744659,0.25,0.0,0.1434624456306609,2
122,0,3,1,0.0,0.0,0.0,0.0157125535690723,2
123,0,2,1,0.4031163608946971,0.125,0.0,0.0586942926540201,0
124,1,2,0,0.4031163608946971,0.0,0.0,0.0253743101115454,2
125,0,1,1,0.6732847449107816,0.0,0.1666666666666666,0.1508551532881592,2
126,1,3,1,0.145513948228198,0.125,0.0,0.0219423370754585,0
127,0,3,1,0.0,0.0,0.0,0.0151269925664982,1
128,1,3,1,0.2963056044232219,0.0,0.0,0.0139396700402787,2
129,1,3,0,0.0,0.125,0.1666666666666666,0.0436404952128436,0
130,0,3,1,0.5601910027645137,0.0,0.0,0.0136142933098484,2
131,0,3,1,0.4093993465694898,0.0,0.0,0.0154115752137492,0
132,0,3,1,0.2460417190248806,0.0,0.0,0.0137606835604919,2
133,0,3,0,0.5853229454636844,0.125,0.0,0.028302115124416,2
134,1,2,0,0.3591354611711485,0.125,0.0,0.0507486202230909,2
135,0,2,1,0.3088715757728072,0.0,0.0,0.0253743101115454,2
136,0,2,1,0.2837396330736366,0.0,0.0,0.0293674457750992,0
137,1,1,0,0.2334757476752953,0.0,0.3333333333333333,0.0513015849965217,2
138,0,1,1,0.4596632319678311,0.125,0.0,0.1036442974556203,2
139,0,3,1,0.1957778336265393,0.0,0.0,0.0179898003080831,2
140,0,1,1,0.2963056044232219,0.0,0.0,0.1545881046795693,0
141,0,3,0,0.0,0.0,0.3333333333333333,0.0297578197768153,0
142,1,3,0,0.2711736617240512,0.0,0.0,0.0151269925664982,2
143,1,3,0,0.2963056044232219,0.125,0.0,0.0309371396359996,2
144,0,3,1,0.2334757476752953,0.0,0.0,0.0131751225579178,1
145,0,2,1,0.22090977632571,0.0,0.0,0.0224465050986748,2
146,0,2,1,0.2334757476752953,0.125,0.1666666666666666,0.0717312228153304,2
147,1,3,1,0.3340035184719778,0.0,0.0,0.0152163882128912,2
148,0,3,0,0.107816034179442,0.25,0.3333333333333333,0.0670955315449519,2
149,0,2,1,0.4533802462930384,0.0,0.3333333333333333,0.0507486202230909,2
150,0,2,1,0.5224930887157577,0.0,0.0,0.0253743101115454,2
151,0,2,1,0.6355868308620256,0.0,0.0,0.0244471718574697,2
152,1,1,0,0.2711736617240512,0.125,0.0,0.1299945425714559,2
153,0,3,1,0.6921337019351597,0.0,0.0,0.0157125535690723,2
154,0,3,1,0.5036441316913798,0.0,0.3333333333333333,0.028302115124416,2
155,0,3,1,0.0,0.0,0.0,0.0142730494377443,2
156,0,1,1,0.6355868308620256,0.0,0.1666666666666666,0.1198042196306593,0
157,1,3,0,0.1957778336265393,0.0,0.0,0.0150943963373549,1
158,0,3,1,0.3717014325207338,0.0,0.0,0.0157125535690723,2
159,0,3,1,0.0,0.0,0.0,0.0169080739493278,2
160,0,3,1,0.0,1.0,0.3333333333333333,0.1357525590967682,2
161,0,3,1,0.5476250314149284,0.0,0.1666666666666666,0.0314251071381447,2
162,1,2,0,0.497361146016587,0.0,0.0,0.0307419526351416,2
163,0,3,1,0.3214375471223925,0.0,0.0,0.0151757893167127,2
164,0,3,1,0.2083438049761246,0.0,0.0,0.0169080739493278,2
165,0,3,1,0.0072882633827594,0.5,0.1666666666666666,0.0774648409655354,2
166,1,3,1,0.107816034179442,0.0,0.3333333333333333,0.0400621319261131,2
167,1,1,0,0.0,0.0,0.1666666666666666,0.1073528504719231,2
168,0,3,0,0.5601910027645137,0.125,0.6666666666666666,0.0544571732393937,2
169,0,1,1,0.0,0.0,0.0,0.0506022299724474,2
170,0,3,1,0.3465694898215631,0.0,0.0,0.1102724576307577,2
171,0,1,1,0.7612465443578789,0.0,0.0,0.065387645287444,2
172,0,3,1,0.0449861774315154,0.5,0.1666666666666666,0.0568482139999047,1
173,1,3,0,0.0072882633827594,0.125,0.1666666666666666,0.0217307543665283,2
174,0,3,1,0.2586076903744659,0.0,0.0,0.0154685698179998,2
175,0,1,1,0.6984166876099522,0.0,0.0,0.0599142114093828,0
176,0,3,1,0.22090977632571,0.125,0.1666666666666666,0.0153303774213923,2
177,0,3,1,0.0,0.375,0.1666666666666666,0.049707687947515,2
178,0,1,0,0.6230208595124404,0.0,0.0,0.0560430676213653,0
179,0,2,1,0.3717014325207338,0.0,0.0,0.0253743101115454,2
180,0,3,1,0.4470972606182458,0.0,0.0,0.0,2
181,0,3,0,0.0,1.0,0.3333333333333333,0.1357525590967682,2
182,0,2,1,0.0,0.0,0.0,0.0293756436291353,0
183,0,3,1,0.107816034179442,0.5,0.3333333333333333,0.0612643198943179,2
184,1,2,1,0.0072882633827594,0.25,0.1666666666666666,0.0761229303346364,2
185,1,3,0,0.0449861774315154,0.0,0.3333333333333333,0.0429899369389837,2
186,0,1,1,0.0,0.0,0.0,0.097593500429021,2
187,1,3,0,0.0,0.125,0.0,0.0302539851329965,1
188,1,1,1,0.5601910027645137,0.0,0.0,0.0518221487278101,2
189,0,3,1,0.497361146016587,0.125,0.1666666666666666,0.0302539851329965,1
190,0,3,1,0.4470972606182458,0.0,0.0,0.0154115752137492,2
191,1,2,0,0.3968333752199044,0.0,0.0,0.0253743101115454,2
192,0,2,1,0.2334757476752953,0.0,0.0,0.0253743101115454,2
193,1,3,0,0.2334757476752953,0.125,0.0,0.0153303774213923,2
194,1,2,1,0.0324202060819301,0.125,0.1666666666666666,0.0507486202230909,2
195,1,1,0,0.5476250314149284,0.0,0.0,0.0541073981338561,0
196,1,1,0,0.723548630309123,0.0,0.0,0.2859895551532101,0
197,0,3,1,0.0,0.0,0.0,0.0151269925664982,1
198,0,3,1,0.5224930887157577,0.0,0.1666666666666666,0.0164039059261115,2
199,1,3,0,0.0,0.0,0.0,0.0151269925664982,1
200,0,2,0,0.2963056044232219,0.0,0.0,0.0253743101115454,2
201,0,3,1,0.3465694898215631,0.0,0.0,0.0185427650815139,2
202,0,3,1,0.0,1.0,0.3333333333333333,0.1357525590967682,2
203,0,3,1,0.4219653179190751,0.0,0.0,0.0126789572017366,2
204,0,3,1,0.5664739884393064,0.0,0.0,0.0141022608119935,0
205,1,3,1,0.22090977632571,0.0,0.0,0.0157125535690723,2
206,0,3,0,0.0198542347323448,0.0,0.1666666666666666,0.0204214399647726,2
207,0,3,1,0.3968333752199044,0.125,0.0,0.0309371396359996,2
208,1,3,1,0.3214375471223925,0.0,0.0,0.0366707577862046,0
209,1,3,0,0.1957778336265393,0.0,0.0,0.0151269925664982,1
210,1,1,1,0.497361146016587,0.0,0.0,0.060507970265993,0
211,0,3,1,0.2963056044232219,0.0,0.0,0.0137606835604919,2
212,1,2,0,0.4345312892686604,0.0,0.0,0.0409892701801888,2
213,0,3,1,0.2711736617240512,0.0,0.0,0.014151057562208,2
214,0,2,1,0.3717014325207338,0.0,0.0,0.0253743101115454,2
215,0,3,1,0.0,0.125,0.0,0.0151269925664982,1
216,1,1,0,0.3842674038703191,0.125,0.0,0.2210980752219471,0
217,1,3,0,0.3340035184719778,0.0,0.0,0.0154685698179998,2
218,0,2,1,0.5224930887157577,0.125,0.0,0.0527004902316713,2
219,1,1,0,0.3968333752199044,0.0,0.0,0.1489114811336148,0
220,0,2,1,0.3717014325207338,0.0,0.0,0.0204946350900944,2
221,1,3,1,0.1957778336265393,0.0,0.0,0.0157125535690723,2
222,0,2,1,0.3340035184719778,0.0,0.0,0.0253743101115454,2
223,0,3,1,0.6355868308620256,0.0,0.0,0.0157125535690723,2
224,0,3,1,0.0,0.0,0.0,0.0154115752137492,2
225,1,1,1,0.4722292033174164,0.125,0.0,0.1756683007722378,2
226,0,3,1,0.2711736617240512,0.0,0.0,0.0182499845802269,2
227,1,2,1,0.2334757476752953,0.0,0.0,0.0204946350900944,2
228,0,3,1,0.2523247046996733,0.0,0.0,0.014151057562208,2
229,0,2,1,0.22090977632571,0.0,0.0,0.0253743101115454,2
230,0,3,0,0.0,0.375,0.1666666666666666,0.049707687947515,2
231,1,1,0,0.4345312892686604,0.125,0.0,0.1629323489662505,2
232,0,3,1,0.3591354611711485,0.0,0.0,0.0151757893167127,2
233,0,2,1,0.7361146016587082,0.0,0.0,0.0263502451158356,2
234,1,3,0,0.0575521487811007,0.5,0.3333333333333333,0.0612643198943179,2
235,0,2,1,0.2963056044232219,0.0,0.0,0.0204946350900944,2
236,0,3,0,0.0,0.0,0.0,0.0147366185647821,2
237,0,2,1,0.5476250314149284,0.125,0.0,0.0507486202230909,2
238,1,2,0,0.0952500628298567,0.0,0.3333333333333333,0.051236587725236,2
239,0,2,1,0.2334757476752953,0.0,0.0,0.0204946350900944,2
240,0,2,1,0.4093993465694898,0.0,0.0,0.0239592043553246,2
241,0,3,0,0.0,0.125,0.0,0.0282127194780231,0
242,1,3,0,0.0,0.125,0.0,0.0302539851329965,1
243,0,2,1,0.3591354611711485,0.0,0.0,0.0204946350900944,2
244,0,3,1,0.2711736617240512,0.0,0.0,0.0139070738111354,2
245,0,3,1,0.3717014325207338,0.0,0.0,0.0141022608119935,0
246,0,1,1,0.5476250314149284,0.25,0.0,0.1756683007722378,1
247,0,3,0,0.3088715757728072,0.0,0.0,0.0151757893167127,2
248,1,2,0,0.2963056044232219,0.0,0.3333333333333333,0.028302115124416,2
249,1,1,1,0.4596632319678311,0.125,0.1666666666666666,0.1025789668049371,2
250,0,2,1,0.6732847449107816,0.125,0.0,0.0507486202230909,2
251,0,3,1,0.0,0.0,0.0,0.014151057562208,2
252,0,3,0,0.3591354611711485,0.125,0.1666666666666666,0.0204214399647726,2
253,0,1,1,0.7738125157074642,0.0,0.0,0.0518221487278101,2
254,0,3,1,0.3717014325207338,0.125,0.0,0.0314251071381447,2
255,0,3,0,0.5099271173661725,0.0,0.3333333333333333,0.0394521725484317,2
256,1,3,0,0.3591354611711485,0.0,0.3333333333333333,0.0297578197768153,0
257,1,1,0,0.0,0.0,0.0,0.1545881046795693,0
258,1,1,0,0.3717014325207338,0.0,0.0,0.1688367557422063,2
259,1,1,0,0.4345312892686604,0.0,0.0,1.0,0
260,1,2,0,0.6230208595124404,0.0,0.1666666666666666,0.0507486202230909,2
261,0,3,1,0.0,0.0,0.0,0.0151269925664982,1
262,1,3,1,0.0324202060819301,0.5,0.3333333333333333,0.0612643198943179,2
263,0,1,1,0.648152802211611,0.125,0.1666666666666666,0.1554664461834305,2
264,0,1,1,0.497361146016587,0.0,0.0,0.0,2
265,0,3,0,0.0,0.0,0.0,0.0151269925664982,1
266,0,2,1,0.4470972606182458,0.0,0.0,0.0204946350900944,2
267,0,3,1,0.1957778336265393,0.5,0.1666666666666666,0.0774648409655354,2
268,1,3,1,0.3088715757728072,0.125,0.0,0.0151757893167127,2
269,1,1,0,0.723548630309123,0.0,0.1666666666666666,0.2995388511917728,2
270,1,1,0,0.4345312892686604,0.0,0.0,0.2647385704347907,2
271,0,1,1,0.0,0.0,0.0,0.060507970265993,2
272,1,3,1,0.3088715757728072,0.0,0.0,0.0,2
273,1,2,0,0.5099271173661725,0.0,0.1666666666666666,0.0380614651673182,2
274,0,1,1,0.4596632319678311,0.0,0.1666666666666666,0.0579705392548384,0
275,1,3,0,0.0,0.0,0.0,0.0151269925664982,1
276,1,1,0,0.7863784870570495,0.125,0.0,0.1521644676899149,2
277,0,3,0,0.5601910027645137,0.0,0.0,0.0151269925664982,2
278,0,2,1,0.0,0.0,0.0,0.0,2
279,0,3,1,0.0826840914802714,0.5,0.1666666666666666,0.0568482139999047,1
280,1,3,0,0.4345312892686604,0.125,0.1666666666666666,0.0395253676737535,2
281,0,3,1,0.8115104297562202,0.0,0.0,0.0151269925664982,1
282,0,3,1,0.3465694898215631,0.0,0.0,0.0153303774213923,2
283,0,3,1,0.1957778336265393,0.0,0.0,0.0185427650815139,2
284,1,3,1,0.2334757476752953,0.0,0.0,0.0157125535690723,2
285,0,1,1,0.0,0.0,0.0,0.0507486202230909,2
286,0,3,1,0.4093993465694898,0.0,0.0,0.0169080739493278,0
287,1,3,1,0.3717014325207338,0.0,0.0,0.0185427650815139,2
288,0,3,1,0.2711736617240512,0.0,0.0,0.0154115752137492,2
289,1,2,1,0.5224930887157577,0.0,0.0,0.0253743101115454,2
290,1,3,0,0.2711736617240512,0.0,0.0,0.0151269925664982,1
291,1,1,0,0.3214375471223925,0.0,0.0,0.1539049501765661,2
292,1,1,0,0.2334757476752953,0.125,0.0,0.1777747588854978,0
293,0,2,1,0.4470972606182458,0.0,0.0,0.0251303263604729,0
294,0,3,0,0.2963056044232219,0.0,0.0,0.0172740495759367,2
295,0,3,1,0.2963056044232219,0.0,0.0,0.0154115752137492,2
296,0,1,1,0.0,0.0,0.0,0.0541073981338561,0
297,0,3,1,0.2900226187484292,0.0,0.0,0.0141104586660295,0
298,0,1,0,0.0198542347323448,0.125,0.3333333333333333,0.2958058998003627,2
299,1,1,1,0.0,0.0,0.0,0.0595320352617028,2
300,1,1,0,0.6230208595124404,0.0,0.1666666666666666,0.4831284260198326,0
301,1,3,0,0.0,0.0,0.0,0.0151269925664982,1
302,1,3,1,0.0,0.25,0.0,0.0453809776994947,1
303,0,3,1,0.2334757476752953,0.0,0.0,0.0,2
304,1,2,0,0.0,0.0,0.0,0.0241055946059681,1
305,0,3,1,0.0,0.0,0.0,0.0157125535690723,2
306,1,1,1,0.0062829856747926,0.125,0.3333333333333333,0.2958058998003627,2
307,1,1,0,0.0,0.0,0.0,0.2164297877224253,0
308,1,1,0,0.2083438049761246,0.125,0.0,0.2125586439344078,0
309,0,2,1,0.3717014325207338,0.125,0.0,0.04684488020593,0
310,1,1,0,0.3717014325207338,0.0,0.0,0.1111183980924764,0
311,1,1,0,0.2963056044232219,0.0,0.0,0.1623141917345331,0
312,1,1,0,0.22090977632571,0.25,0.3333333333333333,0.5121218935012878,0
313,0,2,0,0.3214375471223925,0.125,0.1666666666666666,0.0507486202230909,2
314,0,3,1,0.3465694898215631,0.0,0.0,0.0154115752137492,2
315,0,2,1,0.5350590600653431,0.125,0.1666666666666666,0.051236587725236,2
316,1,3,0,0.3214375471223925,0.0,0.0,0.0153303774213923,2
317,1,2,0,0.2963056044232219,0.125,0.0,0.0507486202230909,2
318,0,2,1,0.6732847449107816,0.0,0.0,0.0273261801201258,2
319,1,1,0,0.3842674038703191,0.0,0.3333333333333333,0.3217983671436256,2
320,1,1,0,0.497361146016587,0.125,0.1666666666666666,0.2625265161540666,0
321,0,3,1,0.2711736617240512,0.0,0.0,0.014151057562208,2
322,0,3,1,0.3340035184719778,0.0,0.0,0.0154115752137492,2
323,1,2,0,0.3717014325207338,0.0,0.0,0.0241055946059681,1
324,1,2,0,0.2711736617240512,0.125,0.1666666666666666,0.0566042302488321,2
325,0,3,1,0.0,1.0,0.3333333333333333,0.1357525590967682,2
326,1,1,0,0.4470972606182458,0.0,0.0,0.2647385704347907,0
327,0,3,1,0.7612465443578789,0.0,0.0,0.0121747891785203,2
328,1,2,0,0.4470972606182458,0.0,0.0,0.0253743101115454,2
329,1,3,0,0.3842674038703191,0.125,0.1666666666666666,0.0400621319261131,2
330,1,1,0,0.1957778336265393,0.0,0.1666666666666666,0.1131678616014859,0
331,1,3,0,0.0,0.25,0.0,0.0453809776994947,1
332,0,1,1,0.5664739884393064,0.0,0.0,0.0556282952445419,2
333,0,1,1,0.4722292033174164,0.0,0.1666666666666666,0.2995388511917728,2
334,0,3,1,0.1957778336265393,0.25,0.0,0.0351336601544475,2
335,1,1,0,0.0,0.125,0.0,0.2608674266467732,2
336,0,3,1,0.0,0.0,0.0,0.0154115752137492,2
337,0,1,1,0.3591354611711485,0.125,0.0,0.1299945425714559,2
338,1,1,0,0.5099271173661725,0.0,0.0,0.2625265161540666,0
339,1,3,1,0.5601910027645137,0.0,0.0,0.0157125535690723,2
340,0,1,1,0.5601910027645137,0.0,0.0,0.0692913853046049,2
341,1,2,1,0.0198542347323448,0.125,0.1666666666666666,0.0507486202230909,2
342,1,1,0,0.2963056044232219,0.375,0.3333333333333333,0.5133418122566507,2
343,0,2,1,0.3465694898215631,0.0,0.0,0.0253743101115454,2
344,0,2,1,0.3088715757728072,0.0,0.0,0.0253743101115454,2
345,0,2,1,0.4470972606182458,0.0,0.0,0.0253743101115454,2
346,1,2,0,0.2963056044232219,0.0,0.0,0.0253743101115454,2
347,1,2,0,0.497361146016587,0.0,0.0,0.0253743101115454,2
348,1,3,0,0.0,0.125,0.0,0.0314251071381447,2
349,1,3,1,0.0324202060819301,0.125,0.1666666666666666,0.0310347331364286,2
350,0,3,1,0.5224930887157577,0.0,0.0,0.0169080739493278,2
351,0,3,1,0.2837396330736366,0.0,0.0,0.0180060008291543,2
352,0,1,1,0.0,0.0,0.0,0.0683154503003147,2
353,0,3,1,0.183211862276954,0.125,0.1666666666666666,0.0141104586660295,0
354,0,3,1,0.3088715757728072,0.125,0.0,0.0347432861527314,2
355,0,3,1,0.0,0.0,0.0,0.0141022608119935,0
356,0,3,1,0.3465694898215631,0.0,0.0,0.0185427650815139,2
357,1,1,0,0.2711736617240512,0.0,0.1666666666666666,0.1073528504719231,2
358,0,2,0,0.4722292033174164,0.0,0.0,0.0253743101115454,2
359,1,3,0,0.0,0.0,0.0,0.0153791741716068,1
360,1,3,0,0.0,0.0,0.0,0.0153791741716068,1
361,0,3,1,0.497361146016587,0.125,0.6666666666666666,0.0544571732393937,2
362,0,2,1,0.3591354611711485,0.125,0.0,0.0541073981338561,0
363,0,3,0,0.5601910027645137,0.0,0.1666666666666666,0.0282127194780231,0
364,0,3,1,0.4345312892686604,0.0,0.0,0.0137606835604919,2
365,0,3,1,0.0,0.125,0.0,0.0302539851329965,1
366,0,3,1,0.3717014325207338,0.0,0.0,0.014151057562208,2
367,1,1,0,0.7486805730082936,0.125,0.0,0.1468782181456766,0
368,1,3,0,0.0,0.0,0.0,0.0141104586660295,0
369,1,3,0,0.0,0.0,0.0,0.0151269925664982,1
370,1,1,0,0.2963056044232219,0.0,0.0,0.1352645915946231,0
371,1,1,1,0.3088715757728072,0.125,0.0,0.1082149914547131,0
372,0,3,1,0.22090977632571,0.125,0.0,0.0126789572017366,2
373,0,3,1,0.2334757476752953,0.0,0.0,0.0157125535690723,2
374,0,1,1,0.2711736617240512,0.0,0.0,0.2647385704347907,0
375,0,3,0,0.0324202060819301,0.375,0.1666666666666666,0.0411356604308323,2
376,1,1,0,0.0,0.125,0.0,0.16038672010106,0
377,1,3,0,0.2711736617240512,0.0,0.0,0.014151057562208,2
378,0,1,1,0.3340035184719778,0.0,0.3333333333333333,0.4128205068147589,0
379,0,3,1,0.2460417190248806,0.0,0.0,0.0078318784094289,0
380,0,3,1,0.2334757476752953,0.0,0.0,0.0151757893167127,2
381,1,1,0,0.5224930887157577,0.0,0.0,0.4440992237022602,0
382,1,3,0,0.0072882633827594,0.0,0.3333333333333333,0.0307257521140704,0
383,0,3,1,0.3968333752199044,0.0,0.0,0.0154685698179998,2
384,1,1,0,0.4345312892686604,0.125,0.0,0.1014972404461818,2
385,0,3,1,0.0,0.0,0.0,0.0154115752137492,2
386,0,2,1,0.22090977632571,0.0,0.0,0.1434624456306609,2
387,0,3,1,0.0072882633827594,0.625,0.3333333333333333,0.0915427034024217,2
388,1,2,0,0.4470972606182458,0.0,0.0,0.0253743101115454,2
389,0,3,1,0.0,0.0,0.0,0.0150863936703197,1
390,1,2,0,0.2083438049761246,0.0,0.0,0.023422440102965,0
391,1,1,1,0.4470972606182458,0.125,0.3333333333333333,0.2342244010296504,2
392,1,3,1,0.2586076903744659,0.0,0.0,0.0152163882128912,2
393,0,3,1,0.3465694898215631,0.25,0.0,0.0154685698179998,2
394,1,1,0,0.2837396330736366,0.125,0.0,0.2210980752219471,0
395,1,3,0,0.2963056044232219,0.0,0.3333333333333333,0.032596229143293,2
396,0,3,1,0.2711736617240512,0.0,0.0,0.0152163882128912,2
397,0,3,0,0.3842674038703191,0.0,0.0,0.0153303774213923,2
398,0,2,1,0.5727569741140991,0.0,0.0,0.0507486202230909,2
399,0,2,1,0.2837396330736366,0.0,0.0,0.0204946350900944,2
400,1,2,0,0.3465694898215631,0.0,0.0,0.0246911556085423,2
401,1,3,1,0.4847951746670017,0.0,0.0,0.0154685698179998,2
402,0,3,1,0.3214375471223925,0.0,0.0,0.0157125535690723,2
403,0,3,0,0.2586076903744659,0.125,0.0,0.0191771228343026,2
404,0,3,1,0.3465694898215631,0.125,0.0,0.0309371396359996,2
405,0,3,0,0.2460417190248806,0.0,0.0,0.0169080739493278,2
406,0,2,1,0.4219653179190751,0.125,0.0,0.0409892701801888,2
407,0,3,1,0.6355868308620256,0.0,0.0,0.0151269925664982,2
408,1,2,1,0.0324202060819301,0.125,0.1666666666666666,0.0365975626608828,2
409,0,3,1,0.2586076903744659,0.0,0.0,0.0151757893167127,2
410,0,3,0,0.0,0.375,0.1666666666666666,0.049707687947515,2
411,0,3,1,0.0,0.0,0.0,0.0154115752137492,2
412,0,3,1,0.0,0.0,0.0,0.013386510079847,1
413,1,1,0,0.4093993465694898,0.125,0.0,0.1756683007722378,1
414,0,2,1,0.0,0.0,0.0,0.0,2
415,1,3,1,0.5476250314149284,0.0,0.0,0.0154685698179998,2
416,0,3,0,0.0,0.0,0.0,0.0157125535690723,2
417,1,2,0,0.4219653179190751,0.125,0.1666666666666666,0.0634357752788636,2
418,1,2,0,0.22090977632571,0.0,0.3333333333333333,0.0253743101115454,2
419,0,2,1,0.3717014325207338,0.0,0.0,0.0253743101115454,2
420,0,3,0,0.1203820055290273,0.0,0.3333333333333333,0.0471376607072171,2
421,0,3,1,0.0,0.0,0.0,0.0154115752137492,0
422,0,3,1,0.2586076903744659,0.0,0.0,0.0150943963373549,1
423,0,3,1,0.3591354611711485,0.0,0.0,0.0153709763175708,2
424,0,3,0,0.3465694898215631,0.125,0.1666666666666666,0.028106928123558,2
425,0,3,1,0.22090977632571,0.125,0.1666666666666666,0.0394521725484317,2
426,0,3,1,0.0,0.0,0.0,0.014151057562208,2
427,1,2,0,0.3465694898215631,0.125,0.0,0.0507486202230909,2
428,1,2,0,0.2334757476752953,0.0,0.0,0.0507486202230909,2
429,0,3,1,0.0,0.0,0.0,0.0151269925664982,1
430,1,3,1,0.3968333752199044,0.0,0.0,0.0157125535690723,2
431,1,1,1,0.3465694898215631,0.0,0.0,0.0518221487278101,2
432,1,3,0,0.0,0.125,0.0,0.0314251071381447,2
433,1,2,0,0.5224930887157577,0.125,0.0,0.0507486202230909,2
434,0,3,1,0.2083438049761246,0.0,0.0,0.0139070738111354,2
435,0,1,1,0.6230208595124404,0.125,0.0,0.1091095334796455,2
436,1,1,0,0.1706458909273686,0.125,0.3333333333333333,0.2342244010296504,2
437,0,3,0,0.2586076903744659,0.25,0.3333333333333333,0.0670955315449519,2
438,1,2,0,0.2963056044232219,0.25,0.5,0.0365975626608828,2
439,0,1,1,0.7989444584066349,0.125,0.6666666666666666,0.5133418122566507,2
440,0,2,1,0.3842674038703191,0.0,0.0,0.0204946350900944,2
441,1,2,0,0.5601910027645137,0.125,0.1666666666666666,0.051236587725236,2
442,0,3,1,0.2460417190248806,0.0,0.0,0.0185427650815139,2
443,0,3,1,0.3088715757728072,0.125,0.0,0.0151757893167127,2
444,1,2,0,0.3465694898215631,0.0,0.0,0.0253743101115454,2
445,1,3,1,0.0,0.0,0.0,0.0158345454446086,2
446,1,1,1,0.0449861774315154,0.0,0.3333333333333333,0.1597767607233786,2
447,1,2,0,0.1580799195777833,0.0,0.1666666666666666,0.0380614651673182,2
448,1,1,1,0.4219653179190751,0.0,0.0,0.0518221487278101,2
449,1,3,0,0.0575521487811007,0.25,0.1666666666666666,0.0375896981862443,0
450,1,1,1,0.648152802211611,0.0,0.0,0.0595320352617028,2
451,0,2,1,0.4470972606182458,0.125,0.3333333333333333,0.0541643927381066,2
452,0,3,1,0.0,0.125,0.0,0.0389724029003226,2
453,0,1,1,0.3717014325207338,0.0,0.0,0.0541643927381066,0
454,1,1,1,0.610454888162855,0.125,0.0,0.1739198156185515,0
455,0,3,1,0.0,0.0,0.0,0.0157125535690723,2
456,1,3,1,0.3591354611711485,0.0,0.0,0.0154115752137492,0
457,0,1,1,0.8115104297562202,0.0,0.0,0.0518221487278101,2
458,1,1,0,0.0,0.125,0.0,0.101228858320002,2
459,1,2,0,0.6230208595124404,0.0,0.0,0.0204946350900944,2
460,0,3,1,0.0,0.0,0.0,0.0151269925664982,1
461,1,1,1,0.5978889168132697,0.0,0.0,0.0518221487278101,2
462,0,3,1,0.4219653179190751,0.0,0.0,0.0157125535690723,2
463,0,1,1,0.5853229454636844,0.0,0.0,0.0751469953303461,2
464,0,2,1,0.5978889168132697,0.0,0.0,0.0253743101115454,2
465,0,3,1,0.0,0.0,0.0,0.0157125535690723,2
466,0,3,1,0.4722292033174164,0.0,0.0,0.0137606835604919,2
467,0,2,1,0.0,0.0,0.0,0.0,2
468,0,1,1,0.6984166876099522,0.0,0.0,0.0518221487278101,2
469,0,3,1,0.0,0.0,0.0,0.0150781958162837,1
470,1,3,0,0.0041467705453631,0.25,0.1666666666666666,0.0375896981862443,0
471,0,3,1,0.0,0.0,0.0,0.014151057562208,2
472,0,3,1,0.4722292033174164,0.0,0.0,0.0169080739493278,2
473,1,2,0,0.4093993465694898,0.125,0.3333333333333333,0.0541643927381066,2
474,1,2,0,0.2837396330736366,0.0,0.0,0.0269196055973385,0
475,0,3,0,0.2711736617240512,0.0,0.0,0.0192015212094098,2
476,0,1,1,0.0,0.0,0.0,0.1014972404461818,2
477,0,2,1,0.4219653179190751,0.125,0.0,0.0409892701801888,2
478,0,3,1,0.3591354611711485,0.125,0.0,0.0137524857064559,2
479,0,3,1,0.2711736617240512,0.0,0.0,0.0146796239605316,2
480,1,3,0,0.0198542347323448,0.0,0.1666666666666666,0.0239836027304319,2
481,0,3,1,0.107816034179442,0.625,0.3333333333333333,0.0915427034024217,2
482,0,2,1,0.0,0.0,0.0,0.0,2
483,0,3,1,0.6230208595124404,0.0,0.0,0.0157125535690723,2
484,1,3,0,0.7863784870570495,0.0,0.0,0.0187135537072647,2
485,1,1,1,0.3088715757728072,0.125,0.0,0.1777747588854978,0
486,0,3,0,0.0,0.375,0.1666666666666666,0.049707687947515,2
487,1,1,0,0.4345312892686604,0.125,0.0,0.1756683007722378,2
488,0,1,1,0.723548630309123,0.0,0.0,0.0579705392548384,0
489,0,3,1,0.3717014325207338,0.0,0.0,0.0157125535690723,2
490,1,3,1,0.107816034179442,0.125,0.1666666666666666,0.0310347331364286,2
491,0,3,1,0.0,0.125,0.0,0.0389724029003226,2
492,0,3,1,0.2586076903744659,0.0,0.0,0.014151057562208,2
493,0,1,1,0.685850716260367,0.0,0.0,0.0595320352617028,2
494,0,1,1,0.8869062578537321,0.0,0.0,0.0966257632787668,0
495,0,3,1,0.2586076903744659,0.0,0.0,0.0157125535690723,2
496,0,3,1,0.0,0.0,0.0,0.0282207221450582,0
497,1,1,0,0.6732847449107816,0.125,0.0,0.1527664244005612,0
498,0,3,1,0.0,0.0,0.0,0.0294732371295643,2
499,0,1,0,0.3088715757728072,0.125,0.3333333333333333,0.2958058998003627,2
500,0,3,1,0.2963056044232219,0.0,0.0,0.0152163882128912,2
501,0,3,1,0.2083438049761246,0.0,0.0,0.0169080739493278,2
502,0,3,0,0.2586076903744659,0.0,0.0,0.0151269925664982,1
503,0,3,0,0.0,0.0,0.0,0.0148912066694617,1
504,0,3,0,0.4596632319678311,0.0,0.0,0.0187135537072647,2
505,1,1,0,0.1957778336265393,0.0,0.0,0.1688367557422063,2
506,0,1,1,0.22090977632571,0.125,0.0,0.2125586439344078,0
507,1,2,0,0.4093993465694898,0.0,0.3333333333333333,0.0507486202230909,2
508,1,1,1,0.0,0.0,0.0,0.0518221487278101,2
509,0,3,1,0.3465694898215631,0.0,0.0,0.0439658719432739,2
510,1,3,1,0.3214375471223925,0.0,0.0,0.1102724576307577,2
511,1,3,1,0.3591354611711485,0.0,0.0,0.0151269925664982,1
512,0,3,1,0.0,0.0,0.0,0.0157125535690723,2
513,1,1,1,0.4470972606182458,0.0,0.0,0.0513097828505578,2
514,1,1,0,0.6732847449107816,0.125,0.0,0.1159410785096769,0
515,0,3,1,0.2963056044232219,0.0,0.0,0.0146308272103171,2
516,0,1,1,0.5853229454636844,0.0,0.0,0.0664041791879127,2
517,1,2,0,0.4219653179190751,0.0,0.0,0.0204946350900944,2
518,0,3,1,0.0,0.0,0.0,0.0471376607072171,1
519,1,2,0,0.4470972606182458,0.125,0.0,0.0507486202230909,2
520,0,3,1,0.3968333752199044,0.0,0.0,0.0154115752137492,2
521,1,1,0,0.3717014325207338,0.0,0.0,0.1824998458022693,2
522,0,3,1,0.2711736617240512,0.0,0.0,0.0154115752137492,2
523,0,3,1,0.0,0.0,0.0,0.0141022608119935,0
524,1,1,0,0.5476250314149284,0.0,0.1666666666666666,0.1131678616014859,0
525,0,3,1,0.0,0.0,0.0,0.0141104586660295,0
526,0,3,1,0.5036441316913798,0.0,0.0,0.0151269925664982,1
527,1,2,0,0.6230208595124404,0.0,0.0,0.0204946350900944,2
528,0,1,1,0.0,0.0,0.0,0.4328841690069588,2
529,0,3,1,0.4847951746670017,0.0,0.0,0.0154685698179998,2
530,0,2,1,0.2837396330736366,0.25,0.1666666666666666,0.0224465050986748,2
531,1,2,0,0.0198542347323448,0.125,0.1666666666666666,0.0507486202230909,2
532,0,3,1,0.0,0.0,0.0,0.0141104586660295,0
533,0,3,1,0.2083438049761246,0.125,0.1666666666666666,0.0141104586660295,0
534,1,3,0,0.0,0.0,0.3333333333333333,0.0436404952128436,0
535,0,3,0,0.3717014325207338,0.0,0.0,0.0169080739493278,2
536,1,2,0,0.0826840914802714,0.0,0.3333333333333333,0.051236587725236,2
537,0,1,1,0.5601910027645137,0.0,0.0,0.0518221487278101,2
538,1,1,0,0.3717014325207338,0.0,0.0,0.2077277656631712,0
539,0,3,1,0.0,0.0,0.0,0.028302115124416,2
540,1,1,0,0.2711736617240512,0.0,0.3333333333333333,0.0966175654247308,0
541,1,1,0,0.4470972606182458,0.0,0.3333333333333333,0.1385827706092098,2
542,0,3,0,0.107816034179442,0.5,0.3333333333333333,0.0610447345183526,2
543,0,3,0,0.1329479768786127,0.5,0.3333333333333333,0.0610447345183526,2
544,1,2,1,0.3968333752199044,0.125,0.0,0.0507486202230909,2
545,0,1,1,0.6230208595124404,0.125,0.0,0.2077277656631712,0
546,0,1,1,0.7989444584066349,0.0,0.0,0.0507486202230909,2
547,1,2,0,0.2334757476752953,0.125,0.0,0.0507486202230909,2
548,1,2,1,0.0,0.0,0.0,0.027057797993946,0
549,0,3,1,0.4093993465694898,0.125,0.1666666666666666,0.0400621319261131,2
550,1,2,1,0.0952500628298567,0.125,0.1666666666666666,0.0717312228153304,2
551,1,1,1,0.2083438049761246,0.0,0.3333333333333333,0.2164297877224253,0
552,0,2,1,0.3340035184719778,0.0,0.0,0.0507486202230909,2
553,0,3,1,0.0,0.0,0.0,0.0152815806711778,1
554,1,3,1,0.2711736617240512,0.0,0.0,0.0141022608119935,0
555,1,3,0,0.2711736617240512,0.0,0.0,0.0151757893167127,2
556,0,1,1,0.7738125157074642,0.0,0.0,0.0518221487278101,2
557,1,1,0,0.5978889168132697,0.125,0.0,0.0772940523397846,0
558,0,1,1,0.0,0.0,0.0,0.4440992237022602,0
559,1,1,0,0.4847951746670017,0.125,0.1666666666666666,0.1554664461834305,2
560,1,3,0,0.4470972606182458,0.125,0.0,0.0339625381492993,2
561,0,3,1,0.0,0.0,0.0,0.0151269925664982,1
562,0,3,1,0.497361146016587,0.0,0.0,0.0154115752137492,2
563,0,2,1,0.3465694898215631,0.0,0.0,0.0263502451158356,2
564,0,3,1,0.0,0.0,0.0,0.0157125535690723,2
565,0,3,0,0.0,0.0,0.0,0.0157125535690723,2
566,0,3,1,0.2963056044232219,0.25,0.0,0.0471376607072171,2
567,0,3,1,0.2334757476752953,0.0,0.0,0.0154115752137492,2
568,0,3,0,0.3591354611711485,0.0,0.6666666666666666,0.0411356604308323,2
569,0,3,1,0.0,0.0,0.0,0.0141104586660295,0
570,1,3,1,0.3968333752199044,0.0,0.0,0.0153303774213923,2
571,1,2,1,0.7738125157074642,0.0,0.0,0.0204946350900944,2
572,1,1,0,0.6607187735611963,0.25,0.0,0.1004807065457131,2
573,1,1,1,0.4470972606182458,0.0,0.0,0.0515049698514158,2
574,1,3,0,0.0,0.0,0.0,0.0151269925664982,1
575,0,3,1,0.1957778336265393,0.0,0.0,0.0157125535690723,2
576,0,3,1,0.2334757476752953,0.0,0.0,0.028302115124416,2
577,1,2,0,0.4219653179190751,0.0,0.0,0.0253743101115454,2
578,1,1,0,0.4847951746670017,0.125,0.0,0.1091095334796455,2
579,0,3,0,0.0,0.125,0.0,0.0282207221450582,0
580,1,3,1,0.3968333752199044,0.0,0.0,0.0154685698179998,2
581,1,2,0,0.3088715757728072,0.125,0.1666666666666666,0.0585561002574126,2
582,1,1,0,0.4847951746670017,0.125,0.1666666666666666,0.2164297877224253,0
583,0,2,1,0.6732847449107816,0.0,0.0,0.0507486202230909,2
584,0,1,1,0.4470972606182458,0.0,0.0,0.0783187840942893,0
585,0,3,1,0.0,0.0,0.0,0.0170056674497569,0
586,1,1,0,0.22090977632571,0.0,0.3333333333333333,0.1554664461834305,2
587,0,2,1,0.5853229454636844,0.0,0.0,0.0292780501287063,2
588,1,1,1,0.7486805730082936,0.125,0.1666666666666666,0.1545881046795693,0
589,0,3,1,0.2711736617240512,0.0,0.0,0.0157125535690723,2
590,0,3,1,0.0,0.0,0.0,0.0157125535690723,2
591,0,3,1,0.4345312892686604,0.0,0.0,0.0139070738111354,2
592,1,1,0,0.648152802211611,0.125,0.0,0.1527664244005612,0
593,0,3,1,0.5853229454636844,0.0,0.0,0.014151057562208,2
594,0,3,0,0.0,0.0,0.3333333333333333,0.0151269925664982,1
595,0,2,1,0.4596632319678311,0.125,0.0,0.0507486202230909,2
596,0,3,1,0.4470972606182458,0.125,0.1666666666666666,0.0471376607072171,2
597,1,2,0,0.0,0.0,0.0,0.0644117102831538,2
598,0,3,1,0.610454888162855,0.0,0.0,0.0,2
599,0,3,1,0.0,0.0,0.0,0.0141022608119935,0
600,1,1,1,0.610454888162855,0.125,0.0,0.1111183980924764,0
601,1,2,0,0.2963056044232219,0.25,0.1666666666666666,0.0527004902316713,2
602,0,3,1,0.0,0.0,0.0,0.0154115752137492,2
603,0,1,1,0.0,0.0,0.0,0.0827592883638098,2
604,0,3,1,0.5476250314149284,0.0,0.0,0.0157125535690723,2
605,1,1,1,0.4345312892686604,0.0,0.0,0.0518221487278101,0
606,0,3,1,0.4470972606182458,0.125,0.0,0.0303515786334255,2
607,0,3,1,0.3717014325207338,0.0,0.0,0.0154115752137492,2
608,1,1,1,0.3340035184719778,0.0,0.0,0.0595320352617028,2
609,1,2,0,0.2711736617240512,0.125,0.3333333333333333,0.081157193460767,0
610,1,1,0,0.497361146016587,0.0,0.0,0.2995388511917728,2
611,0,3,0,0.4847951746670017,0.125,0.8333333333333333,0.0610447345183526,2
612,0,3,1,0.0,0.0,0.0,0.0137606835604919,2
613,1,3,0,0.0,0.125,0.0,0.0302539851329965,1
614,0,3,1,0.0,0.0,0.0,0.0151269925664982,1
615,0,3,1,0.4345312892686604,0.0,0.0,0.0157125535690723,2
616,1,2,0,0.2963056044232219,0.125,0.3333333333333333,0.1268715505577273,2
617,0,3,1,0.4219653179190751,0.125,0.1666666666666666,0.028106928123558,2
618,0,3,0,0.3214375471223925,0.125,0.0,0.0314251071381447,2
619,1,2,0,0.0449861774315154,0.25,0.1666666666666666,0.0761229303346364,2
620,0,2,1,0.3214375471223925,0.0,0.0,0.0204946350900944,2
621,0,3,1,0.3340035184719778,0.125,0.0,0.0282127194780231,0
622,1,1,1,0.5224930887157577,0.125,0.0,0.1025789668049371,2
623,1,3,1,0.2460417190248806,0.125,0.1666666666666666,0.0307257521140704,0
624,0,3,1,0.2586076903744659,0.0,0.0,0.0153303774213923,2
625,0,3,1,0.2586076903744659,0.0,0.0,0.0314251071381447,2
626,0,1,1,0.7612465443578789,0.0,0.0,0.063086000173326,2
627,0,2,1,0.7109826589595376,0.0,0.0,0.0241055946059681,1
628,1,1,0,0.2586076903744659,0.0,0.0,0.1521644676899149,2
629,0,3,1,0.3214375471223925,0.0,0.0,0.0154115752137492,2
630,0,3,1,0.0,0.0,0.0,0.0150943963373549,1
631,1,1,1,1.0,0.0,0.0,0.0585561002574126,2
632,0,3,1,0.6355868308620256,0.0,0.0,0.013768881414528,2
633,1,1,1,0.3968333752199044,0.0,0.0,0.0595320352617028,0
634,0,1,1,0.0,0.0,0.0,0.0,2
635,0,3,0,0.107816034179442,0.375,0.3333333333333333,0.0544571732393937,2
636,1,2,0,0.3465694898215631,0.0,0.0,0.0253743101115454,2
637,0,3,1,0.3968333752199044,0.0,0.0,0.0154685698179998,2
638,0,2,1,0.3842674038703191,0.125,0.1666666666666666,0.051236587725236,2
639,0,3,0,0.5099271173661725,0.0,0.8333333333333333,0.0774648409655354,2
640,0,3,1,0.0,0.125,0.0,0.0314251071381447,2
641,0,3,1,0.2460417190248806,0.0,0.0,0.0153303774213923,2
642,1,1,0,0.2963056044232219,0.0,0.0,0.1352645915946231,0
643,0,3,0,0.0198542347323448,0.375,0.3333333333333333,0.0544571732393937,2
644,1,3,1,0.0,0.0,0.0,0.1102724576307577,2
645,1,3,0,0.0041467705453631,0.25,0.1666666666666666,0.0375896981862443,0
646,1,1,1,0.5978889168132697,0.125,0.0,0.1497654242623688,0
647,0,3,1,0.2334757476752953,0.0,0.0,0.0154115752137492,2
648,1,1,1,0.6984166876099522,0.0,0.0,0.0692913853046049,0
649,0,3,1,0.0,0.0,0.0,0.0147366185647821,2
650,1,3,0,0.2837396330736366,0.0,0.0,0.0147366185647821,2
651,0,3,1,0.0,0.0,0.0,0.0154115752137492,2
652,1,2,0,0.22090977632571,0.0,0.1666666666666666,0.0448930101973496,2
653,0,3,1,0.2586076903744659,0.0,0.0,0.0164607053433612,2
654,1,3,0,0.0,0.0,0.0,0.0152815806711778,1
655,0,3,0,0.22090977632571,0.0,0.0,0.0131751225579178,1
656,0,2,1,0.2963056044232219,0.25,0.0,0.1434624456306609,2
657,0,3,1,0.0,0.0,0.0,0.0154115752137492,2
658,0,3,0,0.3968333752199044,0.125,0.1666666666666666,0.0302539851329965,1
659,0,2,1,0.2837396330736366,0.0,0.0,0.0253743101115454,2
660,0,1,1,0.723548630309123,0.0,0.3333333333333333,0.2210980752219471,0
661,1,1,1,0.6230208595124404,0.25,0.0,0.2608674266467732,2
662,0,3,1,0.497361146016587,0.0,0.0,0.0141022608119935,0
663,0,1,1,0.5853229454636844,0.0,0.0,0.0499434738445515,2
664,0,3,1,0.4470972606182458,0.0,0.0,0.0146308272103171,2
665,1,3,1,0.2460417190248806,0.125,0.0,0.0154685698179998,2
666,0,2,1,0.3968333752199044,0.25,0.0,0.1434624456306609,2
667,0,2,1,0.3088715757728072,0.0,0.0,0.0253743101115454,2
668,0,3,1,0.0,0.0,0.0,0.0151757893167127,2
669,0,3,1,0.5350590600653431,0.0,0.0,0.0157125535690723,2
670,1,1,0,0.0,0.125,0.0,0.1014972404461818,2
671,1,2,0,0.497361146016587,0.125,0.1666666666666666,0.0761229303346364,2
672,0,1,1,0.3842674038703191,0.125,0.0,0.1014972404461818,2
673,0,2,1,0.8743402865041467,0.0,0.0,0.0204946350900944,2
674,1,2,1,0.3842674038703191,0.0,0.0,0.0253743101115454,2
675,0,2,1,0.0,0.0,0.0,0.0,2
676,0,3,1,0.22090977632571,0.0,0.0,0.0151757893167127,2
677,0,3,1,0.3025885900980145,0.0,0.0,0.0157125535690723,2
678,1,3,0,0.22090977632571,0.0,0.0,0.0192097190634459,2
679,0,3,0,0.5350590600653431,0.125,1.0,0.0915427034024217,2
680,1,1,1,0.4470972606182458,0.0,0.1666666666666666,1.0,0
681,0,3,0,0.0,0.0,0.0,0.0158833421948231,1
682,1,1,1,0.3340035184719778,0.0,0.0,0.1497654242623688,0
683,0,3,1,0.2460417190248806,0.0,0.0,0.0180060008291543,2
684,0,3,1,0.1706458909273686,0.625,0.3333333333333333,0.0915427034024217,2
685,0,2,1,0.7486805730082936,0.125,0.1666666666666666,0.0761229303346364,2
686,0,2,1,0.3088715757728072,0.125,0.3333333333333333,0.081157193460767,0
687,0,3,1,0.1706458909273686,0.5,0.1666666666666666,0.0774648409655354,2
688,0,3,1,0.2334757476752953,0.0,0.0,0.0198520794832697,2
689,0,3,1,0.22090977632571,0.0,0.0,0.0152163882128912,2
690,1,1,0,0.183211862276954,0.0,0.1666666666666666,0.4125033279383646,2
691,1,1,1,0.3842674038703191,0.125,0.0,0.1112565904890839,2
692,1,3,0,0.0449861774315154,0.0,0.1666666666666666,0.0261876543441209,0
693,1,3,1,0.0,0.0,0.0,0.1102724576307577,2
694,0,3,1,0.3088715757728072,0.0,0.0,0.0141022608119935,0
695,0,1,1,0.7486805730082936,0.0,0.0,0.0518221487278101,2
696,0,2,1,0.648152802211611,0.0,0.0,0.0263502451158356,2
697,0,3,1,0.5476250314149284,0.0,0.0,0.0157125535690723,2
698,1,3,0,0.0,0.0,0.0,0.0150943963373549,1
699,0,1,1,0.610454888162855,0.125,0.1666666666666666,0.2164297877224253,0
700,0,3,1,0.5224930887157577,0.0,0.0,0.0149318055656402,2
701,1,1,0,0.22090977632571,0.125,0.0,0.4440992237022602,0
702,1,1,1,0.4345312892686604,0.0,0.0,0.0513097828505578,2
703,0,3,0,0.22090977632571,0.0,0.1666666666666666,0.0282127194780231,0
704,0,3,1,0.3088715757728072,0.0,0.0,0.015110792045427,1
705,0,3,1,0.3214375471223925,0.125,0.0,0.0153303774213923,2
706,0,2,1,0.4847951746670017,0.0,0.0,0.0507486202230909,2
707,1,2,0,0.5601910027645137,0.0,0.0,0.0263502451158356,2
708,1,1,1,0.5224930887157577,0.0,0.0,0.0513097828505578,2
709,1,1,0,0.2711736617240512,0.0,0.0,0.2958058998003627,2
710,1,3,1,0.0,0.125,0.1666666666666666,0.0297578197768153,0
711,1,1,0,0.2963056044232219,0.0,0.0,0.0966257632787668,0
712,0,1,1,0.0,0.0,0.0,0.0518221487278101,2
713,1,1,1,0.5978889168132697,0.125,0.0,0.1014972404461818,2
714,0,3,1,0.3591354611711485,0.0,0.0,0.0185101688523707,2
715,0,2,1,0.648152802211611,0.0,0.0,0.0253743101115454,2
716,0,3,1,0.2334757476752953,0.0,0.0,0.0149318055656402,2
717,1,1,0,0.4722292033174164,0.0,0.0,0.4440992237022602,0
718,1,2,0,0.3340035184719778,0.0,0.0,0.0204946350900944,2
719,0,3,1,0.0,0.0,0.0,0.0302539851329965,1
720,0,3,1,0.4093993465694898,0.0,0.0,0.0151757893167127,2
721,1,2,0,0.0701181201306861,0.0,0.1666666666666666,0.0644117102831538,2
722,0,3,1,0.2083438049761246,0.125,0.0,0.013768881414528,2
723,0,2,1,0.4219653179190751,0.0,0.0,0.0253743101115454,2
724,0,2,1,0.6230208595124404,0.0,0.0,0.0253743101115454,2
725,1,1,1,0.3340035184719778,0.125,0.0,0.1036442974556203,2
726,0,3,1,0.2460417190248806,0.0,0.0,0.0169080739493278,2
727,1,2,0,0.3717014325207338,0.375,0.0,0.0409892701801888,2
728,1,3,0,0.0,0.0,0.0,0.015102594191391,1
729,0,2,1,0.3088715757728072,0.125,0.0,0.0507486202230909,2
730,0,3,0,0.3088715757728072,0.125,0.0,0.0154685698179998,2
731,1,1,0,0.3591354611711485,0.0,0.0,0.4125033279383646,2
732,0,3,1,0.1329479768786127,0.0,0.0,0.0366707577862046,0
733,0,2,1,0.0,0.0,0.0,0.0,2
734,0,2,1,0.2837396330736366,0.0,0.0,0.0253743101115454,2
735,0,2,1,0.2837396330736366,0.0,0.0,0.0253743101115454,2
736,0,3,1,0.3528524754963558,0.0,0.0,0.0314251071381447,2
737,0,3,0,0.5978889168132697,0.125,0.5,0.0670955315449519,2
738,1,1,1,0.4345312892686604,0.0,0.0,1.0,0
739,0,3,1,0.0,0.0,0.0,0.0154115752137492,2
740,0,3,1,0.0,0.0,0.0,0.0154115752137492,2
741,1,1,1,0.0,0.0,0.0,0.0585561002574126,2
742,0,1,1,0.4470972606182458,0.125,0.0,0.1539049501765661,2
743,1,1,0,0.2586076903744659,0.25,0.3333333333333333,0.5121218935012878,0
744,0,3,1,0.2963056044232219,0.125,0.0,0.0314251071381447,2
745,1,3,1,0.3842674038703191,0.0,0.0,0.0154685698179998,2
746,0,1,1,0.8743402865041467,0.125,0.1666666666666666,0.1385827706092098,2
747,0,3,1,0.1957778336265393,0.125,0.1666666666666666,0.0395253676737535,2
748,1,2,0,0.3717014325207338,0.0,0.0,0.0253743101115454,2
749,0,1,1,0.2334757476752953,0.125,0.0,0.1036442974556203,2
750,0,3,1,0.3842674038703191,0.0,0.0,0.0151269925664982,1
751,1,2,0,0.0449861774315154,0.125,0.1666666666666666,0.0448930101973496,2
752,1,3,1,0.0701181201306861,0.0,0.1666666666666666,0.0243495783570407,2
753,0,3,1,0.4093993465694898,0.0,0.0,0.0185427650815139,2
754,0,3,1,0.2837396330736366,0.0,0.0,0.0154115752137492,2
755,1,2,0,0.5978889168132697,0.125,0.3333333333333333,0.1268715505577273,2
756,1,2,1,0.0031414928373963,0.125,0.1666666666666666,0.028302115124416,2
757,0,3,1,0.3465694898215631,0.0,0.0,0.0152163882128912,2
758,0,2,1,0.22090977632571,0.0,0.0,0.0224465050986748,2
759,0,3,1,0.4219653179190751,0.0,0.0,0.0157125535690723,2
760,1,1,0,0.4093993465694898,0.0,0.0,0.1688367557422063,2
761,0,3,1,0.0,0.0,0.0,0.028302115124416,2
762,0,3,1,0.5099271173661725,0.0,0.0,0.0139070738111354,2
763,1,3,1,0.2460417190248806,0.0,0.0,0.0141104586660295,0
764,1,1,0,0.4470972606182458,0.125,0.3333333333333333,0.2342244010296504,2
765,0,3,1,0.1957778336265393,0.0,0.0,0.0151757893167127,2
766,1,1,0,0.6355868308620256,0.125,0.0,0.1521644676899149,2
767,0,1,1,0.0,0.0,0.0,0.0772940523397846,0
768,0,3,0,0.3779844181955265,0.0,0.0,0.0151269925664982,1
769,0,3,1,0.0,0.125,0.0,0.0471376607072171,1
770,0,3,1,0.3968333752199044,0.0,0.0,0.0163225129467537,2
771,0,3,1,0.2963056044232219,0.0,0.0,0.0185427650815139,2
772,0,3,1,0.5978889168132697,0.0,0.0,0.0153303774213923,2
773,0,2,0,0.7109826589595376,0.0,0.0,0.0204946350900944,2
774,0,3,1,0.0,0.0,0.0,0.0141022608119935,0
775,1,2,0,0.6732847449107816,0.125,0.5,0.0448930101973496,2
776,0,3,1,0.22090977632571,0.0,0.0,0.0151269925664982,2
777,0,3,1,0.0,0.0,0.0,0.0151269925664982,1
778,1,3,0,0.0575521487811007,0.0,0.0,0.0243495783570407,2
779,0,3,1,0.0,0.0,0.0,0.015102594191391,1
780,1,1,0,0.5350590600653431,0.0,0.1666666666666666,0.4125033279383646,2
781,1,3,0,0.1580799195777833,0.0,0.0,0.0141104586660295,0
782,1,1,0,0.2083438049761246,0.125,0.0,0.1112565904890839,2
783,0,1,1,0.3591354611711485,0.0,0.0,0.0585561002574126,2
784,0,3,1,0.0,0.125,0.3333333333333333,0.0457713517012108,2
785,0,3,1,0.3088715757728072,0.0,0.0,0.0137606835604919,2
786,0,3,1,0.3088715757728072,0.0,0.0,0.014151057562208,2
787,1,3,0,0.22090977632571,0.0,0.0,0.0146308272103171,2
788,0,3,1,0.0952500628298567,0.5,0.1666666666666666,0.0568482139999047,1
789,1,3,1,0.0072882633827594,0.125,0.3333333333333333,0.0401597254265421,2
790,0,1,1,0.5727569741140991,0.0,0.0,0.1545881046795693,0
791,0,3,1,0.0,0.0,0.0,0.0151269925664982,1
792,0,2,1,0.1957778336265393,0.0,0.0,0.0507486202230909,2
793,0,3,0,0.0,1.0,0.3333333333333333,0.1357525590967682,2
794,0,1,1,0.0,0.0,0.0,0.0599142114093828,0
795,0,3,1,0.3088715757728072,0.0,0.0,0.0154115752137492,2
796,0,2,1,0.4847951746670017,0.0,0.0,0.0253743101115454,2
797,1,1,0,0.610454888162855,0.0,0.0,0.0506104278264834,2
798,1,3,0,0.3842674038703191,0.0,0.0,0.0169486728455063,2
799,0,3,1,0.3717014325207338,0.0,0.0,0.0141104586660295,0
800,0,3,0,0.3717014325207338,0.125,0.1666666666666666,0.0471376607072171,2
801,0,2,1,0.4219653179190751,0.0,0.0,0.0253743101115454,2
802,1,2,0,0.3842674038703191,0.125,0.1666666666666666,0.051236587725236,2
803,1,1,1,0.1329479768786127,0.125,0.3333333333333333,0.2342244010296504,2
804,1,3,1,0.0,0.0,0.1666666666666666,0.0166234913020768,0
805,1,3,1,0.3340035184719778,0.0,0.0,0.0136142933098484,2
806,0,3,1,0.3842674038703191,0.0,0.0,0.0151757893167127,2
807,0,1,1,0.4847951746670017,0.0,0.0,0.0,2
808,0,3,0,0.22090977632571,0.0,0.0,0.0151757893167127,2
809,0,2,1,0.4847951746670017,0.0,0.0,0.0253743101115454,2
810,1,1,0,0.4093993465694898,0.125,0.0,0.1036442974556203,2
811,0,3,1,0.3214375471223925,0.0,0.0,0.015395374692678,2
812,0,3,1,0.4847951746670017,0.0,0.0,0.0471376607072171,2
813,0,2,1,0.4345312892686604,0.0,0.0,0.0204946350900944,2
814,0,3,0,0.0701181201306861,0.5,0.3333333333333333,0.0610447345183526,2
815,0,3,1,0.3779844181955265,0.0,0.0,0.0157125535690723,2
816,0,1,1,0.0,0.0,0.0,0.0,2
817,0,3,0,0.2837396330736366,0.0,0.0,0.0154685698179998,2
818,0,2,1,0.3842674038703191,0.125,0.1666666666666666,0.0722273881715115,0
819,0,3,1,0.5350590600653431,0.0,0.0,0.0125895615553437,2
820,0,3,1,0.1203820055290273,0.375,0.3333333333333333,0.0544571732393937,2
821,1,1,0,0.648152802211611,0.125,0.1666666666666666,0.1824998458022693,2
822,1,3,1,0.3340035184719778,0.0,0.0,0.0169080739493278,2
823,0,1,1,0.4722292033174164,0.0,0.0,0.0,2
824,1,3,0,0.3340035184719778,0.0,0.1666666666666666,0.0243495783570407,2
825,0,3,1,0.0198542347323448,0.5,0.1666666666666666,0.0774648409655354,2
826,0,3,1,0.0,0.0,0.0,0.0135654965596339,1
827,0,3,1,0.0,0.0,0.0,0.1102724576307577,2
828,1,2,1,0.0072882633827594,0.0,0.3333333333333333,0.0722273881715115,0
829,1,3,1,0.0,0.0,0.0,0.0151269925664982,1
830,1,1,0,0.7738125157074642,0.0,0.0,0.1561496006864336,3
831,1,3,0,0.183211862276954,0.125,0.0,0.0282127194780231,0
832,1,2,1,0.0051520482533299,0.125,0.1666666666666666,0.0365975626608828,2
833,0,3,1,0.0,0.0,0.0,0.0141104586660295,0
834,0,3,1,0.2837396330736366,0.0,0.0,0.0153303774213923,2
835,0,3,1,0.22090977632571,0.0,0.0,0.0162005210712174,2
836,1,1,0,0.4847951746670017,0.125,0.1666666666666666,0.1623141917345331,0
837,0,3,1,0.2586076903744659,0.0,0.0,0.0169080739493278,2
838,0,3,1,0.0,0.0,0.0,0.0157125535690723,2
839,1,3,1,0.3968333752199044,0.0,0.0,0.1102724576307577,2
840,1,1,1,0.0,0.0,0.0,0.0579705392548384,0
841,0,3,1,0.2460417190248806,0.0,0.0,0.0154685698179998,2
842,0,2,1,0.1957778336265393,0.0,0.0,0.0204946350900944,2
843,1,1,0,0.3717014325207338,0.0,0.0,0.060507970265993,0
844,0,3,1,0.4282483035938678,0.0,0.0,0.0125651631802364,0
845,0,3,1,0.2083438049761246,0.0,0.0,0.0169080739493278,2
846,0,3,1,0.5224930887157577,0.0,0.0,0.0147366185647821,2
847,0,3,1,0.0,1.0,0.3333333333333333,0.1357525590967682,2
848,0,3,1,0.4345312892686604,0.0,0.0,0.0154115752137492,0
849,0,2,1,0.3465694898215631,0.0,0.1666666666666666,0.0644117102831538,2
850,1,1,0,0.0,0.125,0.0,0.1739198156185515,0
851,0,3,1,0.0449861774315154,0.5,0.3333333333333333,0.0610447345183526,2
852,0,3,1,0.924604171902488,0.0,0.0,0.0151757893167127,2
853,0,3,0,0.107816034179442,0.125,0.1666666666666666,0.0297578197768153,0
854,1,1,0,0.1957778336265393,0.0,0.1666666666666666,0.0769036783380685,2
855,0,2,0,0.5476250314149284,0.125,0.0,0.0507486202230909,2
856,1,3,0,0.22090977632571,0.0,0.1666666666666666,0.0182499845802269,2
857,1,1,0,0.5601910027645137,0.125,0.1666666666666666,0.3217983671436256,2
858,1,1,1,0.6355868308620256,0.0,0.0,0.0518221487278101,2
859,1,3,0,0.2963056044232219,0.0,0.5,0.0375896981862443,0
860,0,3,1,0.0,0.0,0.0,0.0141104586660295,0
861,0,3,1,0.5099271173661725,0.25,0.0,0.0275375676420551,2
862,0,2,1,0.2586076903744659,0.125,0.0,0.0224465050986748,2
863,1,1,0,0.5978889168132697,0.0,0.0,0.0506104278264834,2
864,0,3,0,0.0,1.0,0.3333333333333333,0.1357525590967682,2
865,0,2,1,0.2963056044232219,0.0,0.0,0.0253743101115454,2
866,1,2,0,0.5224930887157577,0.0,0.0,0.0253743101115454,2
867,1,2,0,0.3340035184719778,0.125,0.0,0.02704960013991,0
868,0,1,1,0.3842674038703191,0.0,0.0,0.0985612375792752,2
869,0,3,1,0.0,0.0,0.0,0.0185427650815139,2
870,1,3,1,0.0449861774315154,0.125,0.1666666666666666,0.0217307543665283,2
871,0,3,1,0.3214375471223925,0.0,0.0,0.0154115752137492,2
872,1,1,0,0.5853229454636844,0.125,0.1666666666666666,0.1025789668049371,2
873,0,1,1,0.4093993465694898,0.0,0.0,0.0097593500429021,2
874,0,3,1,0.5853229454636844,0.0,0.0,0.0175668300772237,2
875,1,2,0,0.3465694898215631,0.125,0.0,0.04684488020593,0
876,1,3,0,0.183211862276954,0.0,0.0,0.0141022608119935,0
877,0,3,1,0.2460417190248806,0.0,0.0,0.0192177217304811,2
878,0,3,1,0.2334757476752953,0.0,0.0,0.0154115752137492,2
879,0,3,1,0.0,0.0,0.0,0.0154115752137492,2
880,1,1,0,0.6984166876099522,0.0,0.1666666666666666,0.1623141917345331,0
881,1,2,0,0.3088715757728072,0.0,0.1666666666666666,0.0507486202230909,2
882,0,3,1,0.4093993465694898,0.0,0.0,0.0154115752137492,2
883,0,3,0,0.2711736617240512,0.0,0.0,0.0205272313192377,2
884,0,2,1,0.3465694898215631,0.0,0.0,0.0204946350900944,2
885,0,3,1,0.3088715757728072,0.0,0.0,0.0137606835604919,2
886,0,3,0,0.4847951746670017,0.0,0.8333333333333333,0.0568482139999047,1
887,0,2,1,0.3340035184719778,0.0,0.0,0.0253743101115454,2
888,1,1,0,0.2334757476752953,0.0,0.0,0.0585561002574126,2
889,0,3,0,0.0,0.125,0.3333333333333333,0.0457713517012108,2
890,1,1,1,0.3214375471223925,0.0,0.0,0.0585561002574126,0
891,0,3,1,0.3968333752199044,0.0,0.0,0.0151269925664982,1
